phrase	entity	value
его минимальный срок составляет один месяц	когда	
его правление продлилось всего два года	когда	
но ведь это молодой , тридцатилетний человек , - шептала	когда	
благодарю за уделенную мне минутку	когда	
благодарю за минуту , которую вы мне уделили	когда	
добрый вечер , где тут у вас ноги вытереть	когда	
завтракать или уже обедать , уж не знаю	когда	
почему вы не пришли на завтрак	когда	
посиди и подожди меня , пока я завтракаю	когда	
ну - с , завтракать , завтракать	когда	
завтрак сейчас принесут	когда	
завтрак готов	когда	
мы принесли тебе завтрак	когда	
а я был женат меньше года	когда	
мой брак длился менее года	когда	
а ведь день начался так славно	когда	
а ведь прошло уже несколько часов	когда	
а теперь оставалось очень мало времени	когда	
болезнь продолжалась всего несколько дней	когда	
более полугода мы не виделись	когда	
более сильно был разрушен город	когда	
более часа длился этот бой	когда	
более года я был сочувствующим	когда	
более четырех часов продолжался бой	когда	
более месяца продолжалось трудное плавание	когда	
более 100 человек было ранено	когда	
более пятнадцати минут продолжалась бомбежка	когда	
более трех часов гремел бой	когда	
призывники , без пяти минут защитники отечества . так закончилась свадьба без пяти минут покойников	когда	
без пяти минут профессор	когда	
без пяти минут министр обороны был бледен	когда	
тогда я герцог без пяти минут	когда	
это заняло три минуты без двух секунд	когда	
без пяти минут мученик	когда	
без десяти минут тристан	когда	
без пяти минут миллионеры	когда	
войне без пяти минут конец	когда	
ты командир , без пяти минут орденоносец	когда	
воронцов мало что без пяти минут депутат	когда	
мой сын без пяти минут гражданин нона	когда	
без пяти минут моряки торгового флота	когда	
она же без трех минут мужняя жена	когда	
без пяти минут полковник и заслуженный герой	когда	
как же , без пяти минут парижанин	когда	
ты ведь без пяти минут дипломированный юрист	когда	
падал без парашюта около трех минут	когда	
его , без пяти минут доктора	когда	
размещение заняло 15 минут без всяких подхалимажей	когда	
ехать минут 4 до отеля без остановок	когда	
размещение без проблем - 15 минут	когда	
ехать 3 часа 45 минут без остановок	когда	
ехали около 5 минут , без пробок	когда	
расселили за 15 минут без проблем	когда	
поезд идет без остановок 5 минут	когда	
водитель минут 15 возился , без результатов	когда	
без остановок езды минут на 15	когда	
без проблем в течении 5 минут приносили	когда	
ехали до отеля минут 4 без остановок	когда	
автобус ходит без проблем каждые 15 минут	когда	
заселились без проблем в течение 5 минут	когда	
дошли сами за 5 минут без проблем	когда	
поселили за 1 минут без всяких проблем	когда	
заселились абсолютно без проблем за 15 минут	когда	
без всякой мзды разместили за 5 минут	когда	
до моря минут 5 и без ступенек	когда	
регистрация заняла 5 минут , без задержек	когда	
без массажа 35 евро 4 минут	когда	
заселили без проблем за 10 минут	когда	
минут 15 езды без остановок	когда	
селят за 3 минуты без вопросов	когда	
до пляжа без волн 5 минут пешком	когда	
границу прошли за 5 минут без проблем	когда	
в пути без пяти минут 4 часа	когда	
время ожидания в афинах получается 8 часов	когда	
дорога к воде занимает более 3 часов	когда	
потусовались лишние 3 часа в аэропорту	когда	
обратный путь в кейптаун занял часов 5	когда	
за 3 часа приехал в аэропорт	когда	
обещанные минут ожидания превратились в 3 часа	когда	
можно уложится в 5 часов экскурсии	когда	
в каждой задерживались минут на 5	когда	
до вылета оставалось в аккурат 3 часа	когда	
процесс захода в воду занимает 5 минут	когда	
все в пределах 5 минут езды	когда	
в шарме ждать 4 часа	когда	
где-то часа 3 сидели в воде	когда	
ничего , что 7 часов в небе	когда	
4 часа в дороге пролетают незаметно	когда	
я послушал экскурсию в течении 5 минут	когда	
к подьемнику 7 минут ходьбы	когда	
следующие 4 часа прошли в непрерывной дороге	когда	
в общем , добирались около 5 часов	когда	
ждать 3 часа после прилета не хочется	когда	
в горку 10 минут тоскливо топать	когда	
вниз до вокзала 8 минут в пути	когда	
в запасе 3 минуты	когда	
9 минут в пути	когда	
переезд в лозанну длился около 40 минут	когда	
полученный пароль действует в течение 4 часов	когда	
в очереди действительно пришлось постоять минут 30	когда	
под джубгой 5 часов простояли в пробке	когда	
время в пути 11 дней 18 часов	когда	
идти в любом направлении минут 15	когда	
в пенише великолепно откатал 4 часа индивидуально	когда	
в итоге доехали за 5 минут	когда	
на границе в очередях провел 5 часов	когда	
итого получается всего 4 часа в городе	когда	
8 часов просидеть в вагоне	когда	
заселение заняло 10 минут после приезда поезда	когда	
автобусы отправляются с интервалом в 30 минут	когда	
ходит с периодичностью в 30 минут	когда	
в общей сложности около 5 минут	когда	
часов в 5 можно уложиться , наверное	когда	
в городе провели 3 часа	когда	
время в пути примерно 4 часа	когда	
был в италии один раз 7 часов	когда	
в пути около 1 часа	когда	
время в пути 1 час 7 минут	когда	
в пути - 4 минут	когда	
1 минут разминка и дальше в путь	когда	
массу подогреть в течение 5 минут	когда	
он продержался в космосе около 5 минут	когда	
в запасе оставалось всего 14 минут	когда	
машина находилась в воздухе 13 минут	когда	
к делу приобщено видеозаписей на 15 часов	когда	
провел в космосе 12 часов	когда	
послеобеденный сон в течение 4 минут	когда	
и тут простоял в заторе минут 4	когда	
скажем , после 5 часов работы	когда	
дежурю по 5 часов в день	когда	
он затонул в течение 16 минут	когда	
он будет работать 3 часа в сутки	когда	
мы работаем по 16 часов в сутки	когда	
будем работать по 3 часа в сутки	когда	
15 - й моторизованный корпус двинулся на радом	когда	
15 - летнего фейсала мы встретили в вифлееме	когда	
15 - летний ирисхан держал в руке ножницы	когда	
15% транспортных емкостей вышло из строя	когда	
15% разосланных сертификатов мы получили обратно	когда	
150 рыбаков дрейфуют на оторвавшейся льдине	когда	
150 чеченских детей сели за парты	когда	
150 работ приняло участие в конкурсе	когда	
150 мальчиков прошли там процедуру обрезания	когда	
15 человек становились народными избранниками дважды	когда	
15 регионов вообще сохранили их натуральными	когда	
15 дней ребята находились в заточении	когда	
15 человек считаются пропавшими без вести	когда	
15 лет он не мог работать	когда	
в общей сложности мятеж продлился 10 часов	когда	
может находиться в воздухе 9 часов	когда	
работали по 11 часов в день	когда	
и двигаться минимум 3 часа в день	когда	
спасатель проводил обследование в течение 35 минут	когда	
поставить в холодильник на 2 - 3 часа	когда	
мы работали по 4 часа в сутки	когда	
чтобы в сутках было 3 часа	когда	
в протокол вносится 5 штрафных минут	когда	
и стал работать 3 часа в сутки	когда	
перерыв в движении составил 17 часов	когда	
артподготовка длилась в течение 8 минут	когда	
ограничение в 3 минуты тут не действует	когда	
до отъезда в аэропорт остается 4 минут	когда	
в воздухе туристы проведут примерно 5 часов	когда	
в целом программа рассчитана на 4 часов	когда	
время в пути - 4 минуты	когда	
люди стояли в очередях по 12 часов	когда	
в его собрании более 8 часов записей	когда	
кабельное телевидение вещает 4 часа в сутки	когда	
она находилась в полете 3 драматические минуты	когда	
их длительность достигает 14 часов в сутки	когда	
огурцы вымачивают 4 часа в холодной воде	когда	
впервые визы оформляются в течение 7 часов	когда	
мы просидели 15 часов в разных камерах	когда	
в течение 17 минут автобус выгорел полностью	когда	
человек работает 5 часов в сутки	когда	
потом снова в духовку на 5 минут	когда	
подержите пальцы в этом составе 15 минут	когда	
после включения они накаливаются 8 минут	когда	
в целом наводнение продолжалось около 10 часов	когда	
генерал занят 4 часа в сутки	когда	
работали по 4 часа в день	когда	
оборудование работает 4 часа в сутки	когда	
время в пути 45 минут	когда	
в итоге трамвай простоял 40 минут	когда	
он может работать 4 часа в сутки	когда	
наш мир активен 4 часа в сутки	когда	
время в пути менее 5 часов	когда	
напряжения в сетях не было 3 минуты	когда	
заниматься придется около 4 часов в неделю	когда	
после 3 часов испытаний выявилась утечка	когда	
после начала высадки прошло больше 3 часов	когда	
весной пашет по 10 часов в сутки	когда	
в городе мы были всего 3 часа	когда	
а я работаю 4 часа в сутки	когда	
они находятся в школе 8 часов	когда	
работаем по 9 часов в сутки	когда	
через 13 минут были в отделе	когда	
прогулка продолжалась в общей сложности 5 минут	когда	
его на 5 минут отправляют в холодильник	когда	
работать по 10 часов в день	когда	
после аварии прошло 6 часов	когда	
нотариус работает по 8 часов в день	когда	
яйца варить 10 минут в подсоленной воде	когда	
работали в две смены по 9 часов	когда	
заживление происходит в течение 4 часов	когда	
зрение обычно восстанавливается в течение 4 часов	когда	
ответ будет выдаваться в течение 4 часов	когда	
время в пути 4 часа	когда	
в час на рекламу отведено 15 минут	когда	
в общей сложности это составит 12 часов	когда	
прошла она в объеме больше 5 минут	когда	
вкалываешь по 4 часа в сутки	когда	
поставьте на 30 минут в холодильник	когда	
работали по 11 часов в сутки	когда	
выпекайте в горячей духовке около 35 минут	когда	
ведь сколиоз формируется 4 часа в сутки	когда	
ориентировочное время в пути - 5 часов	когда	
пожарные приехали через 4 минуты после вызова	когда	
обслуживаются в течение 5 - 7 минут	когда	
расстояние в 30 километров преодолевали два часа	когда	
я работаю по 12 часов в день	когда	
через 12 минут настой вылейте в ванну	когда	
теперь в духовку на 7 минут	когда	
всего 3 часа в неделю	когда	
убийцы хозяйничали в лагерях 5 часов	когда	
все это происходило в течение 10 минут	когда	
поставьте в духовку еще на 16 минут	когда	
после первого делаем паузу около 13 минут	когда	
ведет свои передачи 4 часа в сутки	когда	
работать приходилось по 4 часа в сутки	когда	
желательно спать 4 часа в сутки	когда	
вкалывают теперь по 10 часов в сутки	когда	
в день тренируюсь по 5 - часов	когда	
взрывы прозвучали с интервалом в 10 минут	когда	
литературе отводится всего 4 часа в неделю	когда	
морковь 5 минут варить в подсоленной воде	когда	
информация будет обновляться 4 часа в сутки	когда	
задержанных продержали в отделении милиции 7 часов	когда	
время подлета к району поиска 36 минут	когда	
носить их следует 4 часа в сутки	когда	
веселье продолжалось в общей сложности 13 часов	когда	
я вернулся в агентство через 12 минут	когда	
минут через 14 после этого случилось непоправимое	когда	
тестирование проводится в течение 3 академических часов	когда	
отгрузка ведется - 4 часа в сутки	когда	
в сентябре смена отработала 45 часов	когда	
шестнадцать лет 4 часа в сутки вместе	когда	
работают по 9 часов в день	когда	
мариновать в течение 3 часов	когда	
выпекайте в духовке 18 минут	когда	
лишь после 3 минут тишины последний очнулся	когда	
исследование проходит в течение 37 минут	когда	
не кормите пострадавшего в течение 7 часов	когда	
отдыхайте в такой позе 5 минут	когда	
сплю по 4 часа в сутки	когда	
варить в скороварке 30 - 35 минут	когда	
настаивают в течение 3 часов	когда	
таймы по 30 минут в любую погоду	когда	
после дражирования семена подсушивают - 3 часа	когда	
жизнь бьет ключом 4 часа в сутки	когда	
пожарные прибыли спустя 8 минут после вызова	когда	
в запасе у саперов 4 часа	когда	
следующие 11 минут прошли в изнурительной борьбе	когда	
стало светло как днем	когда	
то же самое с днем победы	когда	
предпочитаю жить одним днем	когда	
1937 год стал для коммуны роковым	когда	
1990 год был для лены легендарным	когда	
1996 год был не просто високосным	когда	
1998 год тоже упускать не следует	когда	
1999 год был закончен с прибылью	когда	
18 человек не определились в выборе	когда	
180 тонн серной кислоты оказались бесхозными	когда	
1800 деревенских ребят живут в общежитии	когда	
17 человек находятся там и сегодня	когда	
этот день и называют днем рождения авиации	когда	
в общем , оставил коллег без обеда	когда	
сам христос меня поздравил с днем рожденья	когда	
я работаю менеджером с ненормированным рабочим днем	когда	
я обязательно поздравлю ее с днем рождения	когда	
день за днем он разрабатывал неподвижную руку	когда	
такой киоск днем с огнем не сыщешь	когда	
носит от своего обеда остатки	когда	
подошло время обеда и финального матча	когда	
хочешь - спи до обеда	когда	
но жить только сегодняшним днем нельзя	когда	
даже с прошедшим днем рождения хором поздравили	когда	
театр жив сегодняшним днем	когда	
свою акцию они назвали днем свободной прессы	когда	
подготовительный этап занял четыре года	когда	
красный день календаря	когда	
выход книги мог задержаться на год	когда	
ждать пришлось полтора месяца	когда	
вся регистрация должна занять 15 минут	когда	
это продолжается около пяти минут	когда	
в компании строго регламентирован рабочий день	когда	
программа рассчитана на два года	когда	
остальные компании получили контракты только на год	когда	
именно он спровадил старый год	когда	
чартеры будут летать всего два месяца	когда	
расследование нарушений энергокомпании заняло более десяти месяцев	когда	
три дня сплошной работы	когда	
выделяется специальный день для заполнения корпоративных отчетов	когда	
самой концепции уже 40 лет	когда	
тяжелая выдалась на планете неделька	когда	
процедура выбора укладывается в пять минут	когда	
вся операция занимает несколько минут	когда	
некоторые ароматы держатся всего три месяца	когда	
покупатели опять все смели за несколько часов	когда	
день разочарований	когда	
сделка года под угрозой	когда	
сто лет успеха	когда	
он обычно составляет семь лет	когда	
шиншилл растили три года	когда	
туристы едут в основном на три дня	когда	
ситуация в стране меняется день ото дня	когда	
сроки варьируются от одного до трех месяцев	когда	
контракт заключен на три года	когда	
первый год комом	когда	
этот год стал поворотным в судьбе боинга	когда	
семь лет лидерства	когда	
после избрания прошел от силы месяц	когда	
ждать оставалось еще минут двадцать	когда	
на планирование уходит до 3 минут	когда	
мощность заводов - шесть кораблей в год	когда	
он занимает примерно 15 месяцев	когда	
к счастью , прогнозы сентября не сбылись	когда	
на обсуждение предложения ушло несколько месяцев	когда	
однако общий результат прошлого года негативный	когда	
эти аппараты выпускались несколько лет	когда	
проект рассчитан на три года	когда	
год прошел	когда	
проект сделали всего за месяц	когда	
около двух месяцев ушло на расчеты	когда	
порой процесс согласования затягивается на несколько месяцев	когда	
там она и пролежала следующие 15 лет	когда	
этому бостонскому институту более ста лет	когда	
проект выполнен за два месяца	когда	
я проработала генеральным директором восемь лет	когда	
до революции осталось два года	когда	
пике длиною два года	когда	
при этом каждый час фиксируется	когда	
август 1998 года научил компьютерщиков многому	когда	
средний возраст студентов - 5 лет	когда	
начало года ознаменовалось резким подорожанием золота	когда	
разработка стратегического плана реорганизации заняла почти год	когда	
спокойного нового года	когда	
фактически " завтрашний день " уже наступил	когда	
срок службы телефона составляет около трех лет	когда	
срок размещения вклада - до полутора лет	когда	
максимальный срок кредита - три месяца	когда	
правда , доходы комбината третий год падают	когда	
увеличенная до пяти лет гарантия	когда	
реорганизация управления у нас продолжится примерно год	когда	
на поиски инвестора ушло больше года	когда	
половины рабочего дня как не бывало	когда	
этакая рекламная интермедия на 15 минут	когда	
сотовый оператор подвел итоги года	когда	
миллионы лет живем мы на нашей планете	когда	
за шесть лет сложилась определенная линия	когда	
за шесть лет ничего особо не изменилось	когда	
месторождение завтрашнего дня	когда	
я потерял чувство реальности на несколько дней	когда	
причина понятна , предвыборный год	когда	
за три года осуществлено четыре эмиссии	когда	
это потрясающий день для британской мясной промышленности	когда	
начнем новый год с заботы о себе	когда	
две недели промелькнули как один день	когда	
он провел в клетке меньше месяца	когда	
время непрерывной работы - до десяти часов	когда	
самым сложным для спикера оказался прошлый год	когда	
очереди за справками растягивались на несколько лет	когда	
словом , работа идет четвертый год	когда	
их просьбу удовлетворили в течение нескольких недель	когда	
сырье - это вчерашний день	когда	
август у нас традиционно месяц кризисов	когда	
через несколько дней погиб зять	когда	
осиротевшая неделя	когда	
по одному на каждый год работы думы	когда	
начало месяца насыщено событиями	когда	
неделя выдалась с конституционным оттенком	когда	
что год грядущий нам готовит	когда	
более десяти лет состоял на военной службе	когда	
но полтора часа я наслаждался музыкой	когда	
финал текущего года отмечен двумя яркими символами	когда	
пока он еще переживает свой звездный час	когда	
подведем итоги безрадостно уходящего года	когда	
и это самый неприятный итог уходящего года	когда	
это был час истины	когда	
уходящий год был удачным для норильского комбината	когда	
нужно уложиться в три месяца	когда	
вот лишь некоторые из примеров прошлого года	когда	
два года стояло ракетное производство	когда	
шесть лет нами управляли упертые недоучки	когда	
этот срок не должен превышать двух месяцев	когда	
на сегодняшний день ситуация такова	когда	
это вылилось в шесть месяцев тюремного заключения	когда	
трудный и бурный третий год эфиопской революции	когда	
в возрасте 83 лет он заболел плевритом	когда	
следы давно минувших дней	когда	
лет десять она провела в качестве жены	когда	
минфин представит основные параметры бюджета на год	когда	
вопрос открыт на протяжении уже полутора лет	когда	
за три года она обзавелась третьим руководителем	когда	
год прошел , словно прошла боль	когда	
приближался праздник октября	когда	
строк действия соглашения - пять лет	когда	
это минимальная цена последних трех недель	когда	
срок обращения облигаций - три месяца	когда	
обсуждение документа длилось более трех часов	когда	
в прошлом году компания уволила 98 сотрудников	когда	
они пробудут в столице три дня	когда	
они падают два месяцев подряд	когда	
индекс снижается уже четвертый день подряд	когда	
производство сокращается уже девятый месяц подряд	когда	
участники рынка отыгрывают падение предыдущих дней	когда	
рост индекса продолжается пятый торговый день подряд	когда	
дивиденды по итогам года не начислялись	когда	
повышение индекса продолжается четвертый торговый день подряд	когда	
срок временного хранения топлива - 5 лет	когда	
тушение пожара длилось около часа	когда	
на этом пленарная неделя закончилась	когда	
встреча продолжалась около часа	когда	
пожар ликвидировали за два часа	когда	
их средний возраст около 7 лет	когда	
объявлены первые нобелевские номинанты года	когда	
здание более полутора лет пустовало	когда	
это убийство оставалось тайной три года	когда	
планируется также утвердить бюджет ассамблеи на год	когда	
начало года будет напряженным	когда	
акции германских компаний дешевели четвертый день подряд	когда	
завод построен за пять месяцев	когда	
санкции введены на год	когда	
заседание продлится два дня	когда	
спецпошлины будут действовать в течение трех лет	когда	
православные отмечают родительскую субботу	когда	
в течение года он оставался внефракционным депутатом	когда	
их показания в суде длились около часов	когда	
вместо этих дней предоставляется дополнительный выходной	когда	
православные отмечают день великомученицы варвары	когда	
выступление замминистра длилось около 15 минут	когда	
история компании насчитывает 89 лет	когда	
на ликвидацию пожара понадобилось менее часа	когда	
радиомост длился час	когда	
симферопольскому аэропорту исполняется 5 лет	когда	
в военной журналистике - 18 лет	когда	
работы должны продлиться несколько недель	когда	
в году предприятие экспортировало 98 автомобилей	когда	
крейсерская скорость - 85 км / час	когда	
фестиваль будет работать в течение двух дней	когда	
британец признан невиновным после 7 лет тюрьмы	когда	
однако , с начала года допущено отставание	когда	
этот процесс займет около полутора лет	когда	
информация обновляется каждые три часа	когда	
продолжительность каждого сеанса - 5 минут	когда	
сооружение монумента займет год	когда	
подобную акцию планируется проводить каждый год	когда	
в повестку дня внесен ряд других вопросов	когда	
поездка продлится несколько часов	когда	
все кредиты выдаются сроком на 3 лет	когда	
встреча длилась два часа вместо запланированного часа	когда	
автобус сгорел в течение часа	когда	
льготный период составляет 3 года	когда	
его спуск занял более девяти часов	когда	
предполагается его построить за три года	когда	
реципиент 6 месяцев ждал донорского сердца	когда	
христиане всего мира отмечают великую пятницу	когда	
правительство одобрило проект государственного бюджета на год	когда	
ранее курс молодого бойца длился месяц	когда	
самому молодому погребенному горняку было 19 лет	когда	
первая неделя поста называется неделей торжества православия	когда	
третья неделя поста посвящена кресту христову	когда	
срок окупаемости проекта - около 5 лет	когда	
это можно сделать за полтора месяца	когда	
планируется осуществлять до шести запусков в год	когда	
ориентировочно , она составит до 8 часов	когда	
реципиенту 41 год	когда	
мощность завода - 35 вагонов в год	когда	
встреча в таком формате продолжалась более часа	когда	
движение состава было задержано на 5 минут	когда	
срок полномочий состава курултая - 5 лет	когда	
ему 45 лет	когда	
группа ученых работала над ним три года	когда	
кредиты предоставляются на срок до 5 лет	когда	
православные отмечают прощеное воскресенье	когда	
оно отвело на вывод войск три дня	когда	
заблудившийся японец провел на горе 17 дней	когда	
операция по захвату заняла несколько секунд	когда	
для каждого часа будет своя мелодия	когда	
деятельность школы рассчитана на 3 года	когда	
их средний возраст составлял всего 7 лет	когда	
хочу поздравить выпуск 1999 года	когда	
они разговаривали 15 минут	когда	
она продолжалась около 9 минут	когда	
проект рассчитан на 3 года	когда	
результаты проб от 3 марта еще обрабатываются	когда	
срок окупаемости проекта - 9 года	когда	
юморина продлится еще несколько дней	когда	
остатки этого городища сохранились до наших дней	когда	
синод будет заседать в течение трех дней	когда	
операция длилась несколько секунд	когда	
организаторы фестиваля планируют проводить его каждый год	когда	
после празднования дня села заболело 7 человек	когда	
продолжительность проекта - 4 месяца	когда	
как планируется , акция продлится 7 дней	когда	
за пять лет планируется ликвидировать безработицу	когда	
срок окупаемости проекта - 75 месяцев	когда	
этот вопрос значится в повестке дня заседания	когда	
священник голодает уже около месяца	когда	
на все работы саперам понадобилось три часа	когда	
комбинированный проездной на три месяца не предусматривается	когда	
соглашение должно действовать 5 лет	когда	
совещание длилось почти 5 часов	когда	
проверь прогноз погоды на завтра	когда	на завтра
какая погода будет завтра в москве	когда	завтра
а послезавтра в саратове какая погода будет	когда	послезавтра
известно ли , какая погода будет завтра	когда	завтра
ладно , посмотри , какая погода будет завтра	когда	завтра
какая будет погода завтра	когда	завтра
интересно , какая сегодня будет погода	когда	сегодня
хотелось бы узнать , что за погода будет завтра и послезавтра	когда	завтра и послезавтра
не мог бы ты посмотреть , какая погода завтра будет	когда	завтра
будь другом , посмотри , какая погода сегодня вечером ожидается	когда	сегодня вечером
я бы хотел узнать , как завтра будет погода	когда	завтра
меня интересует , какая погода будет ближайшие два дня	когда	ближайшие два дня
мне хочется знать , в ближайшие дни какая погода ожидается	когда	в ближайшие дни
а какая погодка будет в ближайшую неделю , скажи пожалуйста	когда	в ближайшую неделю
а что у нас с погодой вечером	когда	вечером
погода какая ожидается вечером после 6	когда	вечером после 6
какая будет погода в районе 8 часов вечера	когда	в районе 8 часов вечера
сегодня и в следующие 2 дня какая будет погода	когда	сегодня и в следующие 2 дня
какая погода будет 1 сентября	когда	1 сентября
31 января какая погода ожидается	когда	31 января
какая погода ожидается на выходных	когда	на выходных
какая погода будет в предстоящие праздники	когда	в предстоящие праздники
хорошая ли погода будет на эти выходные	когда	на эти выходные
покажи погоду с 3 января	когда	с 3 января
расскажи мне погоду на завтра и последующие пару дней	когда	на завтра и последующие пару дней
какая погода ожидается 12 сентября	когда	12 сентября
на 5 августа посмотри погоду в сочи	когда	на 5 августа
проверь насчет погоды в анапе с 10 мая	когда	с 10 мая
что в плане погоды нас ждет завтра днем	когда	завтра днем
неужели завтрашний день обещает быть таким же погожим	когда	завтрашний
завтра дождя случайно не предвидится	когда	завтра
что там с прогнозом на субботу , будет ли дождь или солнечно	когда	на субботу
завтра потеплеет	когда	завтра
давай - ка взглянем на прогноз погоды на 15 ноября	когда	на 15 ноября
следующее пленарное заседание назначено на 8 февраля	когда	на 8 февраля
очередная встреча намечена на конец февраля	когда	на конец февраля
в понедельник прошло еженедельное совещание в мэрии	когда	в понедельник
случилось это в 1995 году	когда	в 1995 году
ночью 9 июля были совершены две кражи	когда	ночью 9 июля
через пять дней вымогатель получает требуемую сумму	когда	через пять дней
через год у них появился мальчик	когда	через год
все решится в ближайшие несколько дней	когда	в ближайшие несколько дней
первые бомбы упали 4 марта	когда	4 марта
в действительности он родился 15 января	когда	15 января
решение вступает в силу 15 сентября	когда	15 сентября
голосование состоялось 19 декабря	когда	19 декабря
обоих обвинили еще в 1995 году	когда	в 1995 году
они предприняли этот шаг 5 декабря	когда	5 декабря
позднее акция была перенесена на 7 февраля	когда	на 7 февраля
первый спектакль здесь состоялся 2 декабря 1874 года	когда	2 декабря 1874 года
народный банк создан в 1991 году	когда	в 1991 году
погибший был найден в этот же день	когда	в этот же день
с 9 сентября там начались расстрелы евреев	когда	с 9 сентября
конференция завершит работу 3 марта	когда	3 марта
работы планируется начать в первой декаде апреля	когда	в первой декаде апреля
папе римскому через месяц исполняется 8 года	когда	через месяц
похороны королевы - матери состоятся 9 апреля	когда	9 апреля
в пятницу торговля нефтепродуктами практически не осуществлялась	когда	в пятницу
он был задержан в апреле 1993 года	когда	в апреле 1993 года
визит фрегата продлится до 5 июня	когда	до 5 июня
визит ожидается в октябре текущего года	когда	в октябре текущего года
результаты голосования станут известны дней через десять	когда	дней через десять
об этом сообщил в пятницу представитель музыканта	когда	в пятницу
их отправка намечена на 15 августа	когда	на 15 августа
весной прошлого года строительство крейсера было возобновлено	когда	весной прошлого года
на сегодняшний день обстановка благополучная	когда	на сегодняшний день
выборы главы государства назначены на 31 октября	когда	на 31 октября
сергей был госпитализирован в минувшую пятницу	когда	в минувшую пятницу
еще два вертолета прилетели во вторник	когда	во вторник
этот праздник ежегодно отмечается 1 октября	когда	1 октября
впервые она была издана в 1999 году	когда	в 1999 году
день учителя отмечается в первое воскресенье октября	когда	в первое воскресенье октября
финал соревнований состоится 3 декабря	когда	3 декабря
его строительство началось в 1973 году	когда	в 1973 году
остальные будут отправлены в пятницу	когда	в пятницу
линия работает с 4 января	когда	с 4 января
как ожидается , голосование состоится 11 января	когда	11 января
развертывание миротворцев завершится к середине февраля	когда	к середине февраля
межпартийный съезд блока состоится 1 января	когда	1 января
санкции должны вступить в силу 3 января	когда	3 января
в прошлом году аналогичный иск был отклонен	когда	в прошлом году
соглашение было ратифицировано парламентом 18 января	когда	18 января
работники образования бастовали с 8 декабря	когда	с 8 декабря
второе заседание ассамблеи планируется на конец марта	когда	на конец марта
прием заявок завершается 13 марта	когда	13 марта
первый запуск намечен на июль этого года	когда	на июль этого года
во вторник в регионе наблюдались небольшие осадки	когда	во вторник
работа миссии продлится до 15 апреля	когда	до 15 апреля
трагедия якобы произошла 8 апреля	когда	8 апреля
перепись населения завершилась в воскресенье	когда	в воскресенье
в понедельник акция прошла без инцидентов	когда	в понедельник
во вторник работы продолжатся	когда	во вторник
лодка перевернулась еще 8 апреля	когда	8 апреля
отчет правительства в парламенте пройдет 17 апреля	когда	17 апреля
нашему янтарю 14 августа исполнится 14 лет	когда	14 августа
семинар продлится до 11 мая	когда	до 11 мая
в пятницу снижение курса было более существенным	когда	в пятницу
конкурсы должны состоятся в конце июня	когда	в конце июня
визит военных из германии завершается в пятницу	когда	в пятницу
в четверг начала забастовку шахта	когда	в четверг
в одесской области работы завершены 8 июля	когда	8 июля
верфь была построена в 1949 году	когда	в 1949 году
официальное открытие учений состоится 14 июля	когда	14 июля
родился в 1954 году	когда	в 1954 году
весной нынешнего года начались первые выплаты	когда	весной нынешнего года
в ночь на пятницу утечка нефтепродукта прекращена	когда	в ночь на пятницу
находка была сделана в четверг вечером	когда	в четверг вечером
день строителя отмечается 1 августа	когда	1 августа
вахта космонавтов завершится в конце августа	когда	в конце августа
в понедельник они возвратились домой	когда	в понедельник
выборы президента состоятся 31 октября 1999 года	когда	31 октября 1999 года
суд назначен на 3 сентября 1998 года	когда	3 сентября 1998 года
визит турецких военных моряков завершится 14 сентября	когда	14 сентября
торги завершились поздно вечером во вторник	когда	вечером во вторник
последний срок регистрации - 14 октября	когда	14 октября
окончание строительства - декабрь 1 года	когда	декабрь 1 года
окончание строительства - февраль 3 года	когда	февраль 3 года
итоги конкурса предполагается подвести 15 октября	когда	15 октября
визит состоялся в начале октября	когда	в начале октября
детей нашли только во вторник утром	когда	во вторник утром
об этом в четверг сообщает местное радио	когда	в четверг
заседание в пятницу проходит в спокойной обстановке	когда	в пятницу
официально зарегистрирована в 1993 году	когда	в 1993 году
во вторник в парламенте пройдет день правительства	когда	во вторник
строительство станции началось в 1973 году	когда	в 1973 году
заседание апелляционной комиссии состоится ориентировочно 17 февраля	когда	17 февраля
первая состоялась в феврале прошлого года	когда	в феврале прошлого года
конкурс состоится через 4 дней	когда	через 4 дней
конференция пройдет с 11 по 1 февраля	когда	с 11 по 1 февраля
в этом году произошли две крупные трагедии	когда	в этом году
валютный рынок в воскресенье был малоактивен	когда	в воскресенье
такое заявление распространило британское правительство в понедельник	когда	в понедельник
родители оставили в воскресенье детей без присмотра	когда	в воскресенье
обсуждение продолжится на вечернем заседании во вторник	когда	во вторник
во вторник движение автобуса восстановлено	когда	во вторник
подготовка к параду началась тут 15 июня	когда	15 июня
переговоры начнутся 1 июля	когда	1 июля
их вахта завершится в конце августа	когда	в конце августа
новый бюллетень будет опубликован 14 августа	когда	14 августа
бои продолжались днем в субботу	когда	в субботу
предполагается завершить ремонтные работы 14 сентября	когда	14 сентября
первые заболевшие зарегистрированы 4 июля	когда	4 июля
на пятницу запланировано рассмотрение ряда экономических законопроектов	когда	на пятницу
во вторник миссия посетит министерство финансов	когда	во вторник
он приходится на третий четверг ноября	когда	на третий четверг ноября
в конце сентября финансирование было приостановлено	когда	в конце сентября
огонь был потушен в понедельник вечером	когда	в понедельник вечером
указанный срок прошел 13 декабря прошлого года	когда	13 декабря прошлого года
сессия начинается в первый вторник февраля	когда	в первый вторник февраля
парламент рассмотрел в пятницу ряд экономических законопроектов	когда	в пятницу ряд
возвращение премьера ожидается вечером во вторник	когда	вечером во вторник
следующая встреча запланирована на конец марта	когда	на конец марта
опрос проводился в начале февраля	когда	в начале февраля
она должна завершиться 1 апреля текущего года	когда	1 апреля текущего года
в 1998 году таких случаев не выявлено	когда	в 1998 году
день окружающей среды отмечается 15 апреля	когда	15 апреля
через три часа его удалось ликвидировать	когда	через три часа
француз родился в 1954 году	когда	в 1954 году
бегом ветеран начал заниматься в 1944 году	когда	в 1944 году
фазаний питомник был организован в 1957 году	когда	в 1957 году
аналогичная ситуация наблюдалась и в прошлом году	когда	в прошлом году
круглый стол завершит работу в субботу	когда	в субботу
через час пожар удалось ликвидировать	когда	через час
это сотрудничество началось в 1995 году	когда	в 1995 году
снаряды будут ликвидированы в пятницу	когда	в пятницу
во вторник ожидается отчет правительства в парламенте	когда	во вторник
голосование состоится в четверг	когда	в четверг
в пятницу ночью они покинули помещение	когда	в пятницу ночью
восстановительные работы планируется завершить до 14 марта	когда	до 14 марта
прощание с покойным состоится 14 апреля	когда	14 апреля
цены были повышены 31 марта текущего года	когда	31 марта текущего года
пасха в нынешнем году отмечается 15 апреля	когда	15 апреля
бочки были найдены в пятницу	когда	в пятницу
в воскресенье закончились просмотры первого тура	когда	в воскресенье
через час пары аммиака были нейтрализованы	когда	через час
после трагедии во вторник она была отменена	когда	во вторник
выборы состоялись в прошедшее воскресенье	когда	в прошедшее воскресенье
опрос проводился в первую неделю декабря	когда	в первую неделю декабря
форум продолжит работу в пятницу	когда	в пятницу
церемония прощания с подводником пройдет в пятницу	когда	в пятницу
визит македонской военной делегации завершится 1 января	когда	1 января
госпиталь приступил к работе 3 февраля	когда	3 февраля
заказ планируется завершить до конца года	когда	до конца года
обмен завершается 15 марта	когда	15 марта
его первое собрание акционеров состоится 7 апреля	когда	7 апреля
родился в январе 1939 года	когда	в январе 1939 года
первая прошла в октябре прошлого года	когда	в октябре прошлого года
заседание рабочей группы закончится во вторник	когда	во вторник
соглашение было подписано 14 февраля минувшего года	когда	14 февраля минувшего года
ремонт будет продолжаться до 11 октября	когда	до 11 октября
он 1948 года рождения	когда	1948 года
на рынке эта фирма с 1839 года	когда	с 1839 года
саммит пройдет в пятницу в елисейском дворце	когда	в пятницу
отопительный сезон начинается в середине октября	когда	в середине октября
в четверг пиротехнические работы будут продолжены	когда	в четверг
это утверждает в пятницу иранское телевидение	когда	в пятницу
в четверг торги не проводились	когда	в четверг
парламент во вторник заслушает отчет правительства	когда	во вторник
через 14 секунд послышался другой шум	когда	через 14 секунд
все три заявления поступили в пятницу	когда	в пятницу
оно опубликовано в пятницу	когда	в пятницу
в ночь на понедельник авария была ликвидирована	когда	в ночь на понедельник
попытку самосожжения шахтер предпринял ночью в понедельник	когда	ночью в понедельник
в пятницу бастовали учителя 3 школ	когда	в пятницу
об этом министр заявил журналистам в пятницу	когда	в пятницу
в четверг на ней прошли первые торги	когда	в четверг
апрельский опрос проводился в первую неделю мая	когда	в первую неделю мая
первый случай отравления был зафиксирован 8 июня	когда	8 июня
умер в 1984 году	когда	в 1984 году
авария произошла во вторник утром	когда	во вторник утром
итоги конкурса будут подведены через 45 дней	когда	через 45 дней
саммит пройдет в пятницу	когда	в пятницу
активная фаза учений началась 14 сентября	когда	14 сентября
учения завершаются 15 сентября	когда	15 сентября
поэтому заседание переносится на четверг 17 января	когда	на четверг 17 января
в четверг утром суд продолжит заседание	когда	в четверг утром
пожар был ликвидирован только через 4 часа	когда	через 4 часа
такое решение приняла в четверг сессия горсовета	когда	в четверг
в четверг планируется принять окончательное решение	когда	в четверг
в субботу съезд завершит свою работу	когда	в субботу
огонь был локализован в воскресенье вечером	когда	в воскресенье вечером
заседание правительства начнется во второй половине дня	когда	во второй половине дня
заседание продолжится во второй половине дня понедельника	когда	во второй половине дня понедельника
в четверг и пятницу ситуация стабилизировалась	когда	в четверг и пятницу
их производство было освоено в начале года	когда	в начале года
работы должны быть завершены в будущем году	когда	в будущем году
в следующем году планируется произвести 59 млн	когда	в следующем году
в следующем году продолжится	когда	в следующем году
строительство цеха началось более года назад	когда	более года назад
экю было подписано в мае текущего года	когда	в мае текущего года
картины были украдены 18 марта прошлого года	когда	18 марта прошлого года
в конце сентября финансирование приостановлено	когда	в конце сентября
межбанковский курс в четверг существенно снизился	когда	в четверг
завершение программы запланировано на август этого года	когда	на август этого года
в субботу зафиксировано 19 преступлений	когда	в субботу
в воскресенье в столице совершено два изнасилования	когда	в воскресенье
результаты подводятся за час до начала церемонии	когда	за час до начала церемонии
путин прибывает в киев вечером в понедельник	когда	вечером в понедельник
этот рекорд был установлен в 1987 году	когда	в 1987 году
в апреле этого года музей получил новое помещение	когда	в апреле этого года
предприятие основано в 1934 году	когда	в 1934 году
конкурсы должны были состояться в конце июня	когда	в конце июня
в воскресенье ожидается сильная магнитная буря	когда	в воскресенье
открытие владимирского собора запланировано на 8 июля	когда	на 8 июля
их развертывание планируется завершить к понедельнику	когда	к понедельнику
массовое паломничество возобновилось с 1988 года	когда	с 1988 года
размещение акций началось 1 августа	когда	1 августа
в этом году они особенно значительны	когда	в этом году
ориентировочное время подхода пятна - 19 января	когда	19 января
днем в четверг пройдет церемония награждения победителей	когда	днем в четверг
но через год был освобожден	когда	через год
тенденция роста сохранилась и в нынешнем году	когда	в нынешнем году
автомобиль был задержан в ночь на вторник	когда	на вторник
через несколько часов вытекание топливо ликвидировано	когда	через несколько часов
обсуждение продолжится в пятницу	когда	в пятницу
торжественная церемония открытия лицея состоится 5 сентября	когда	5 сентября
в нынешнем году она использована наполовину	когда	в нынешнем году
голосование по ним будет проводиться в четверг	когда	в четверг
к субботе ситуация несколько стабилизировалась	когда	к субботе
вечером в воскресенье началась страстная неделя	когда	вечером в воскресенье
в воскресенье поиск снарядов продолжается	когда	в воскресенье
в воскресенье эти работы будут продолжены	когда	в воскресенье
животное было забито 4 июня	когда	4 июня
он вышел на свободу около года назад	когда	около года назад
на воскресенье синоптики прояснения не обещают	когда	на воскресенье
в субботу заряд был взорван	когда	в субботу
остальная часть зарплаты будет выплачена до июля	когда	до июля
в воскресенье в стране отмечается день строителя	когда	в воскресенье
в понедельник утром рубль девальвировал быстрее	когда	в понедельник
день танкиста отмечается во второе воскресенье сентября	когда	во второе воскресенье сентября
преступники сбежали из бутырского сизо 5 сентября	когда	5 сентября
внебиржевой рынок в понедельник не функционировал	когда	в понедельник
их перезахоронение запланировано на 14 октября	когда	на 14 октября
в четверг начался священный месяц мусульман рамадан	когда	в четверг
о проведении в субботу предвыборных съездов	когда	в субботу
морской транспортный банк создан в 1993 году	когда	в 1993 году
котировки европейских акций в четверг утром падали	когда	в четверг утром
акции европейских банков в пятницу утром дорожали	когда	в пятницу утром
эксперты прогнозируют снижение курса иены в понедельник	когда	в понедельник
европейские фондовые индексы в четверг утром снизились	когда	в четверг утром
выполнение девятой фазы программы завершилось 4 июня	когда	4 июня
ближайший рейс должен состояться только 15 сентября	когда	15 сентября
американские рынки во вторник будут закрыты	когда	во вторник
начало его строительства намечено на декабрь	когда	на декабрь
погашение займа начнется с апреля текущего года	когда	с апреля текущего года
в нынешнем году комбинат продолжает наращивать производство	когда	в нынешнем году
первое заседание комитета намечено на конец октября	когда	на конец октября
депутаты во вторник рассмотрели три проекта постановления	когда	во вторник
конкурс состоится через месяц	когда	через месяц
азиатские фондовые индексы в четверг снижаются	когда	в четверг
эти данные будут обнародованы в пятницу	когда	в пятницу
их планируется погасить в текущем году	когда	в текущем году
в четверг курс доллара снижался	когда	в четверг
японские фармацевтические компании дорожают во вторник	когда	во вторник
котировки акций японских компаний в понедельник снижалась	когда	в понедельник
американский рынок в пятницу открылся падением котировок	когда	в пятницу
продажа была осуществлена в прошлом году	когда	в прошлом году
акции европейских фирм также подешевели во вторник	когда	во вторник
акции японских экспортеров дорожают в понедельник	когда	в понедельник
в пятницу ожидаются официальные данные по безработице	когда	в пятницу
окончательные данные станут известны в течение месяца	когда	в течение месяца
обвал европейского рынка акций в пятницу продолжается	когда	в пятницу
в четверг подорожали акции сетей розничной торговли	когда	в четверг
согласно регламенту , голосование проходит по четвергам	когда	по четвергам
также в пятницу дорожали бумаги банков	когда	в пятницу
ситуация должна проясниться в ближайшие два дня	когда	в ближайшие два дня
через три дня началось обвальное падение рубля	когда	через три дня
принять решение гражданам предстоит до сентября	когда	до сентября
в конце месяца угадавшие разыгрывают телевизор	когда	в конце месяца
стараюсь по воскресеньям не садиться за руль	когда	по воскресеньям
это произошло в середине июня прошлого года	когда	в середине июня прошлого года
минут через пять разразился скандал	когда	минут через пять
через пару часов последовал очередной скандал	когда	через пару часов
в этом году подъема не будет	когда	в этом году
его казнь состоялась на исходе 1985 года	когда	на исходе 1985 года
город был основан более тысячи лет назад	когда	более тысячи лет назад
тридцать лет назад никаких небоскребов не было	когда	тридцать лет назад
три года назад третьяковский район покинули грызуны	когда	три года назад
возможно , это произойдет уже в пятницу	когда	в пятницу
открытие тендера ожидается в начале года	когда	в начале года
эта информация появилась несколько дней назад	когда	несколько дней назад
это ожидается в середине сентября	когда	в середине сентября
она должна пройти в будущем году	когда	в будущем году
официальное открытие фабрики произошло в середине июня	когда	в середине июня
в конце августа оно вышло в свет	когда	в конце августа
запуск системы планируется осуществить в ближайший месяц	когда	в ближайший месяц
начать сражение предполагалось 9 июня	когда	9 июня
аудит должен быть завершен до конца сентября	когда	до конца сентября
в первом полугодии года транспорт не подорожает	когда	в первом полугодии
строительство начнется в середине этого года	когда	в середине этого года
уже к середине дня падение продолжилось	когда	к середине дня
официальное предложение было сделано утром 3 июня	когда	утром 3 июня
весной 1995 года партнеры расстались	когда	весной 1995 года
через год он стал прилежным студентом	когда	через год он
избежать общения с цветочником 8 марта невозможно	когда	8 марта
через 3 дня случился финансовый кризис	когда	через 3 дня
партнеры создали свою компанию полтора года назад	когда	полтора года назад
компаньоны приступили к работе осенью 1999 года	когда	осенью 1999 года
чайная церемония по пятницам	когда	по пятницам
в течение года и летом проводятся факультативы	когда	в течение года и летом
с сентября по февраль стороны вели переговоры	когда	с сентября по февраль
через девять лет он ушел в отставку	когда	через девять лет
через двадцать три минуты полета раздался взрыв	когда	через двадцать три минуты полета
рассмотрение проекта отложено на начало будущего года	когда	на начало будущего года
подобное уже случалось несколько лет назад	когда	несколько лет назад
через год все может измениться	когда	через год
хуже всего ситуация сложилась к концу года	когда	к концу года
три года спустя твид скончался в тюрьме	когда	три года спустя
повторный опрос проведен в начале этого года	когда	в начале этого года
сама компания была создана спустя год	когда	спустя год
беспорядки удалось ликвидировать только через несколько дней	когда	только через несколько дней
понедельник прогнозируется в субботу	когда	в субботу
мне становится скучно на второй день	когда	на второй день
сделка готовилась с прошлого года	когда	с прошлого года
наш поезд отправляется каждый вторник	когда	каждый вторник
в конце октября германия капитулировала	когда	в конце октября
ситуация кардинально изменилась в прошлом году	когда	в прошлом году
строительные работы планируется завершить к апрелю	когда	к апрелю
в минувшем году банк работал чрезвычайно напряженно	когда	в минувшем году
с сентября на винзаводе не прекращались проверки	когда	с сентября
они собирались каждый месяц	когда	каждый месяц
в конце этого года появится шестая серия	когда	в конце этого года
переговоры велись с сентября прошлого года	когда	с сентября прошлого года
к сентябрю 1998 года финансирование фактически прекратилось	когда	к сентябрю 1998 года
продажи автомобиля начнутся в этом году	когда	в этом году
вторая ошибка была совершена летом 1998 года	когда	летом 1998 года
к концу года откроются две из них	когда	к концу года
мы ведем переговоры с клиентами каждый день	когда	каждый день
ситуация стабилизировалась в конце прошлого года	когда	в конце прошлого года
с нового года они станут музейными экспонатами	когда	с нового года
опровержения последуют лишь в понедельник	когда	в понедельник
этот прогноз сбылся через два месяца	когда	через два месяца
запуск планировался еще в прошлом году	когда	в прошлом году
до февраля все шло как по нотам	когда	до февраля
через два часа у нас презентация "	когда	через два часа
через минут пятнадцать я его встретил снова	когда	через минут пятнадцать
причем такое соотношение сохраняется последние четыре года	когда	последние четыре года
но через месяц все можно повторить сначала	когда	через месяц
но 15 лет назад ситуация резко изменилась	когда	15 лет назад
мне сегодня стало жаль человека	когда	сегодня
настеньке , внученьке сегодня 3 годика	когда	сегодня
крис прости я не смогу сегодня	когда	сегодня
вот , утром размечталась	когда	утром
сегодня ночью умер винничук павел иванович	когда	сегодня ночью
сегодня соглашение подписано не будет	когда	сегодня
ситуация сегодня обстоит именно таким образом	когда	сегодня
сегодня у нас состоялись длительные обсуждения	когда	сегодня
сегодня мы сделали это	когда	сегодня
сегодня произошло несколько крупных встреч	когда	сегодня
я уже беседовал с ней сегодня вечером	когда	сегодня вечером
такова ситуация на сегодня	когда	на сегодня
уже завтра утром они начнут эту работу	когда	завтра утром
как раз этим я занимался сегодня утром	когда	сегодня утром
я беседовал с ним сегодня днем	когда	сегодня днем
вот о чем мне хотелось объявить сегодня	когда	сегодня
сегодня вечером соединенные штаты делают именно это	когда	сегодня вечером
сегодня это стало ясно	когда	сегодня
как много вас собралось здесь сегодня	когда	сегодня
президент , сегодня я возвращаюсь на переговоры	когда	сегодня
встреча должна состояться в понедельник вечером	когда	в понедельник вечером
сегодня правительство воспользовалось указанным правом	когда	сегодня
именно это решение предлагают сегодня сторонники компромисса	когда	сегодня
сегодня перемещение возобновится	когда	сегодня
именно такая вера нужна нам сегодня	когда	сегодня
сегодня ситуация , кажется , чуть успокоилась	когда	сегодня
он может сделать это хоть завтра	когда	завтра
я еще раз сказал об этом сегодня	когда	сегодня
тоже самое будет завтра	когда	завтра
сегодня вы помогаете вновь переломить эту тенденцию	когда	сегодня
вечером того же дня склад был взломан	когда	вечером того же дня
сегодня идет процесс формирования нашего бюджета	когда	сегодня
так что сегодня замечательный день	когда	сегодня
об этих будущих изменениях необходимо думать сегодня	когда	сегодня
для меня большая честь находиться здесь сегодня	когда	сегодня
сегодня я изложил философию нашего трансатлантического сообщества	когда	сегодня
сегодня мы не видим военных на улице	когда	сегодня
вечером здесь же состоится эстрадный концерт	когда	вечером
находка была сделана в четверг вечером	когда	в четверг вечером
торги завершились поздно вечером во вторник	когда	вечером во вторник
после обеда все участники соберутся около ратуши	когда	после обеда
детей нашли только во вторник утром	когда	во вторник утром
утром в зале зарегистрировались 54 депутата	когда	утром в зале
утром горячее водоснабжение восстановлено	когда	утром
бои продолжались днем в субботу	когда	днем в субботу
огонь был потушен в понедельник вечером	когда	в понедельник вечером
возвращение премьера ожидается вечером во вторник	когда	вечером во вторник
полностью ее планируется завершить сегодня - завтра	когда	сегодня - завтра
авария произошла поздно вечером во вторник	когда	вечером во вторник
авария произошла во вторник утром	когда	во вторник утром
разлив топлива обнаружен в среду утром	когда	в среду утром
в четверг утром суд продолжит заседание	когда	в четверг утром
огонь был локализован в воскресенье вечером	когда	в воскресенье вечером
сегодня отмечается крещение господне	когда	
они также прибыли сегодня в царское село	когда	сегодня
сегодня работает около 15	когда	сегодня
сегодня их состояние удовлетворительное	когда	сегодня
на предприятии сегодня сложилась сложная финансовая ситуация	когда	сегодня
остальные могут присоединиться к забастовке завтра	когда	завтра
затем вечером состоится церемония награждения победителя	когда	вечером
сегодня это обращение будет направлено президенту	когда	сегодня
уже сегодня известны возможные соперники киевлян	когда	сегодня
авария ликвидирована в воскресенье вечером	когда	в воскресенье вечером
это произошло в понедельник рано утром	когда	в понедельник рано утром
официальная часть визита начнется во вторник утром	когда	во вторник утром
авария произошла в пятницу вечером	когда	в пятницу вечером
похороны погибших шахтеров пройдут днем во вторник	когда	днем во вторник
сегодня аварийная зона заполняется инертным газом	когда	сегодня
авария произошла рано утром во вторник	когда	рано утром во вторник
указ об этом подписан в понедельник вечером	когда	в понедельник вечером
после обеда универмаг снова приступил к работе	когда	после обеда
вечером в городе состоится праздничный фейерверк	когда	вечером
вечером 4 декабря - сочельник	когда	вечером 4 декабря
погода днем солнечная , местами небольшой ветер	когда	днем
перед судом сегодня предстанут 5 из них	когда	сегодня
инцидент произошел рано утром во вторник	когда	рано утром во вторник
после обеда пройдут секционные заседания	когда	после обеда
очередное выдвижение кандидатур прошло вечером в среду	когда	вечером в среду
окончательные результаты будут известны в понедельник утром	когда	в понедельник утром
наиболее сильные порывы наблюдались вечером 5 марта	когда	вечером 5 марта
поздно вечером электроснабжение шахты было восстановлено полностью	когда	поздно вечером
утром 7 декабря он отбудет на родину	когда	утром 7 декабря
льдина откололась от берега в понедельник вечером	когда	в понедельник вечером
вечером в понедельник мэр вернется в столицу	когда	вечером в понедельник
авария произошла поздно вечером в субботу	когда	поздно вечером в субботу
вечером состоится праздничный фейерверк	когда	вечером
первое недомогание президент почувствовал в четверг утром	когда	в четверг утром
решение будет обнародовано утром в среду	когда	утром в среду
его прибытие ожидается поздним вечером	когда	поздним вечером
днем пожар удалось ликвидировать	когда	днем
сегодня этого не случилось	когда	сегодня
последствия аварии ликвидированы ранним утром в воскресенье	когда	ранним утром в воскресенье
подъем автобуса будет производиться утром в понедельник	когда	утром в понедельник
планируется , что голосование пройдет уже сегодня	когда	сегодня
утром в парламенте состоялась первая попытка голосования	когда	утром
утром в воскресенье подача газа восстановлена	когда	утром в воскресенье
после обеда депутаты продолжат работу в комиссиях	когда	после обеда
вечером в воскресенье началась страстная неделя	когда	вечером в воскресенье
вечером его удалось локализовать	когда	вечером
рано утром вытекание газа прекращено	когда	рано утром
сегодня мы провели небольшую репетицию	когда	сегодня
вы сегодня немного поговорили , немного поругались	когда	сегодня
вы ее оставили и пришли сегодня сюда	когда	сегодня
котировки европейских акций в четверг утром падали	когда	в четверг утром
акции европейских банков в пятницу утром дорожали	когда	в пятницу утром
европейские фондовые индексы в четверг утром снизились	когда	в четверг утром
европейские фондовые индексы в четверг утром упали	когда	в четверг утром
европейские акции во вторник утром дешевели	когда	во вторник утром
европейские фондовые индексы в среду утром падали	когда	в среду утром
цены российских акций утром в среду снижались	когда	утром в среду
акции европейских компаний в четверг утром дорожали	когда	в четверг утром
европейские фондовые индексы в четверг утром выросли	когда	в четверг утром
акции европейских компаний во вторник утром подешевели	когда	во вторник утром
европейские фондовые индексы в понедельник утром упали	когда	в понедельник утром
акции европейских компаний во вторник утром дорожали	когда	во вторник утром
европейские фондовые индексы в среду утром снижались	когда	в среду утром
европейские фондовые индексы в четверг утром росли	когда	в четверг утром
европейские акции во вторник утром дорожали	когда	во вторник утром
котировки европейских компаний в четверг утром выросли	когда	в четверг утром
европейские страховые акции в среду утром дешевели	когда	в среду утром
европейские фондовые индексы во вторник утром снижались	когда	во вторник утром
европейские фондовые индексы в среду утром упали	когда	в среду утром
акции европейских автопроизводителей в пятницу утром подорожали	когда	в пятницу утром
европейские фондовые индексы в пятницу днем падали	когда	в пятницу днем
однако сегодня эти шаги выглядят вполне резонными	когда	сегодня
именно оно господствует сегодня на мировых экранах	когда	сегодня
повод оглянуться назад появился уже сегодня	когда	сегодня
такой здравый подход особенно актуален сегодня	когда	сегодня
на перепутье пребывает сегодня самарское двигателестроение	когда	сегодня
эти цели остаются насущными и сегодня	когда	сегодня
сегодня он отвечает на наши вопросы	когда	сегодня
будущее начинается уже сегодня	когда	сегодня
сегодня в читинской области внешне спокойно	когда	сегодня
после обеда я опять работаю	когда	после обеда
хотя уже сегодня все операции банка компьютеризированы	когда	сегодня
в индии чай подают утром в постель	когда	утром
хороших сценариев сегодня очень мало	когда	сегодня
настоящих дизайнеров , творцов сегодня очень мало	когда	сегодня
что делать вечером	когда	вечером
да потому что сегодня возможно все	когда	сегодня
сегодня праздник - международный день защиты детей	когда	сегодня
принимать душ утром и вечером	когда	утром и вечером
однажды поздно вечером раздался очередной звонок	когда	поздно вечером
я сегодня без тачки	когда	сегодня
вечером заеду	когда	вечером
утром в понедельник женщине захотелось выпить	когда	утром в понедельник
не проводил вечером	когда	вечером
поздно вечером на ордынке я увидел парочку	когда	поздно вечером
утром дают кофе с молоком и сахаром	когда	утром
что ж , завтра начнется новая жизнь	когда	завтра
вечером у костра завершился конкурс художественной самодеятельности	когда	вечером
можно утром пройти по росе	когда	утром
завтра - международный день пожилых людей	когда	завтра
его лучше нанести вечером	когда	вечером
дело было вечером , делать было нечего	когда	дело
часть их потоков там обслуживается и сегодня	когда	сегодня
официальное предложение было сделано утром 3 июня	когда	утром 3 июня
особенно сегодня , когда все это делают	когда	сегодня
после обеда занятия возобновляются	когда	после обеда
вечером откапывают , разделывают , едят	когда	вечером
завтра на работу	когда	завтра
это случилось вечером в минувшую среду	когда	вечером в минувшую среду
есть утром натощак по полстакана отвара	когда	утром
трагедия произошла утром 8 октября	когда	утром 8 октября
вызов с заповедной улицы поступил поздно вечером	когда	поздно вечером
это произошло в минувшую субботу рано утром	когда	в минувшую субботу рано утром
вечером к бункеру я больше не выходил	когда	вечером
утром казалось , погода благоприятствовала нашей дерзости	когда	утром
днем - традиционное чаепитие	когда	днем
гадюки любят днем погреться на солнышке	когда	днем
завтра один из великих праздников православной церкви	когда	завтра
это случилось рано утром	когда	рано утром
витамины пить утром , после завтрака	когда	утром , после завтрака
школа в отрадном сегодня арестована	когда	сегодня
подготовка других выставок ведется уже сегодня	когда	сегодня
мне завтра будет нужна курица	когда	завтра
испытанный комплект уедет сегодня	когда	сегодня
а то днем опять слепни закусают "	когда	днем
завтра зенит сыграет с московским динамо	когда	завтра
вечером - праздничный фейерверк	когда	вечером
утром я торопилась и ничего не записала	когда	утром
малыша обнаружили утром случайные прохожие	когда	утром
народ стал расходиться лишь поздно вечером	когда	поздно вечером
завтра у нас снова высокий гость	когда	завтра
поздно вечером еду с работы	когда	поздно вечером
это произошло в минувшую субботу вечером	когда	в минувшую субботу вечером
утром выкурил последнюю сигарету	когда	утром
утром вдыхаю свежий воздух полной грудью	когда	утром
вечером - юбилейные спектакли	когда	вечером
пожар случился вечером	когда	вечером
завтра вставать ни свет ни заря	когда	завтра
дощатая конструкция сегодня держится на честном слове	когда	сегодня
возможности ультразвукового исследования сегодня очень обширны	когда	сегодня
поезд пришел рано утром	когда	рано утром
приемы нынешних воров сегодня не слишком изысканны	когда	сегодня
но подготовка идет уже сегодня	когда	сегодня
сегодня музыка вернулась в парк	когда	сегодня
замурованного обнаружили утром	когда	утром
подработать сегодня хотят многие старшеклассники и студенты	когда	сегодня
просто сегодня мне пить придется	когда	сегодня
копать днем стало невозможно	когда	днем
а она должна появиться сегодня вечером	когда	сегодня вечером
тем не менее сегодня решение практически принято	когда	сегодня
а утром в войсковую больницу привезли убитых	когда	утром
а завтра они вернутся на войну	когда	завтра
просто вчера вечером наплакалась по пустякам	когда	вчера вечером
здорово ощутить вечером усталость после многокилометрового марша	когда	вечером
вечером - олимпиады , очередные туры марафона	когда	вечером
утром убежит	когда	утром
завтра их раздадут очередным выразителям народного стона	когда	завтра
следующим вечером мы катались на яхте	когда	следующим вечером
уже завтра узнаете	когда	завтра
вечером - на работу	когда	вечером
сегодня день скорби и радости	когда	сегодня
утром - школа	когда	утром
после обеда налегают на правила дорожного движения	когда	после обеда
рано утром состоялись сбор и регистрация команд	когда	рано утром
ее сиделка сегодня заболела	когда	сегодня
ранним утром привокзальная площадь овеяна романтической дымкой	когда	ранним утром
утром уже все готово к сдаче смены	когда	утром
только утром вам вряд ли кто позавидует	когда	утром
а вечером прикатила братва на джипах	когда	вечером
сегодня - день смеха	когда	сегодня
это случилось вечером 1 мая	когда	вечером 1 мая
начался он в пятницу вечером	когда	в пятницу вечером
вечером с соседским мальчишкой катался на велосипеде	когда	вечером
в мебельных магазинах сегодня огромный выбор матрасов	когда	сегодня
надеемся хоть завтра уехать	когда	завтра
вчера вечером экспедиция должна была вернуться домой	когда	вчера вечером
похороны мичмана полянского назначены на завтра	когда	на завтра
вечером в воскресенье делегация вылетит на родину	когда	вечером в воскресенье
наибольшая концентрация пыльцы в воздухе - утром	когда	утром
утром связался с родственниками умерших	когда	утром
очередная авария произошла вчера рано утром	когда	вчера рано утром
в среду вечером состоялась тренировочная внутрикомандная игра	когда	в среду вечером
завтра гости отправляются домой	когда	завтра
завтра кубанцы нетвердой рукою сдвинут бокалы	когда	завтра
станичники обнаружили обгоревший труп ранним утром	когда	ранним утром
в пятницу вечером это привело к трагедии	когда	в пятницу вечером
решила , отнесу утром к поликлинике	когда	утром
дело было ранним утром минувшего четверга	когда	ранним утром минувшего четверга
собаку утром выгуливает теща	когда	утром
а ей послезавтра исполняется девятнадцать	когда	послезавтра
выезжаем утром с круглосуточной стоянки	когда	утром
завтра - последний день отправки раскрасок	когда	завтра
и однажды утром машину засекли	когда	однажды утром
аварии чаще происходят утром и вечером	когда	утром и вечером
кто станцует завтра для краснодарцев	когда	завтра
в милицию родственники обратились утром	когда	утром
завтра я деньги привезу	когда	завтра
утром в воскресенье погорельцем стал анапский район	когда	утром в воскресенье
погасили огонь уже поздно вечером	когда	поздно вечером
хватит вам времени для полива и днем	когда	днем
днем шестнадцать - восемнадцать мороза	когда	днем
десятого января днем на пару градусов потеплеет	когда	десятого января днем
например , поздно вечером или утром	когда	поздно вечером или утром
утром следующего дня он скончался	когда	утром следующего дня
еще накануне вечером она собиралась жить	когда	накануне вечером
а в продаже диски появятся уже завтра	когда	завтра
утром стали известны итоги выборов	когда	утром
утром проблемные места почистить пемзой	когда	утром
